Brand,Price,Height,Width,Depth,Style,Capacity
AccuCold,$869.00,"Height: 21.5""","Width: 17.5""","Depth: 21.5""",Style: All Refrigerator,Total Capacity: 1 cu. ft.
Summit,$459.00,"Height: 22.25""","Width: 15.88""","Depth: 19.5""",Style: All Refrigerator,Total Capacity: 1.1 cu. ft.
Magic Chef,$134.99,"Height: 19.5""","Width: 17.3""","Depth: 18.9""",Style: All Refrigerator,Total Capacity: 1.7 cu. ft.
Avanti,$139.00,"Height: 20.25""","Width: 17""","Depth: 19""",Style: All Refrigerator,Total Capacity: 1.7 cu. ft.
Magic Chef,$139.00,"Height: 19.5""","Width: 17.3""","Depth: 18.9""",Style: Half Width Freezer Compartment,Total Capacity: 1.7 cu. ft.
Summit,$289.99,"Height: 20.75""","Width: 18.75""","Depth: 17.5""",Style: All Refrigerator,Total Capacity: 1.7 cu.ft.
AccuCold,"$1,769.00","Height: 58.38""","Width: 23.63""","Depth: 24.63""",Style: All Refrigerator,Total Capacity: 10.1 cu. ft.
LG,"$1,195.00","Height: 68.375""","Width: 23.5""","Depth: 25.375""",Style: Bottom Freezer,Total Capacity: 10.1 cu. ft.
Frigidaire,$609.00,"Height: 59.875""","Width: 23.75""","Depth: 26""",Style: Top Freezer,Total Capacity: 10.1 cu. ft.
Frigidaire,$609.00,"Height: 59.875""","Width: 23.75""","Depth: 26""",Style: Top Freezer,Total Capacity: 10.1 cu. ft.
AccuCold,$879.00,"Height: 55.5""","Width: 23.63""","Depth: 24.75""",Style: All Refrigerator,Total Capacity: 10.1 cu.ft.
Impecca,$789.00,"Height: 76.85""","Width: 23.43""","Depth: 23.5""",Style: Bottom Freezer,Total Capacity: 10.2 cu. ft.
Whirlpool,$529.00,"Height: 61.75""","Width: 24.5""","Depth: 28.25""",Style: Top Freezer,Total Capacity: 10.7 cu. ft.
LG,"$1,495.00","Height: 67.71""","Width: 23.42""","Depth: 26.65""",Style: Bottom Freezer,Total Capacity: 10.8 cu. ft.
Summit,"$1,399.00","Height: 72.75""","Width: 23.25""","Depth: 26.75""",Style: Bottom Freezer,Total Capacity: 11 cu. ft.
Summit,"$1,379.00","Height: 72.75""","Width: 23.25""","Depth: 26.75""",Style: Bottom Freezer,Total Capacity: 11 cu. ft.
Liebherr,"$3,499.00","Height: 69.6875""","Width: 22.0625""","Depth: 21.4375""",Style: Bottom Freezer,Total Capacity: 11.1 cu. ft.
Liebherr,"$1,899.00","Height: 71.6875""","Width: 23.625""","Depth: 24.8125""",Style: Bottom Freezer,Total Capacity: 11.1 cu. ft.
Liebherr,"$1,899.00","Height: 71.6875""","Width: 23.625""","Depth: 24.8125""",Style: Bottom Freezer,Total Capacity: 11.1 cu. ft.
LG,$695.00,"Height: 65.5""","Width: 24""","Depth: 26""",Style: Top Freezer,Total Capacity: 11.1 cu. ft.
Blomberg,"$1,499.00","Height: 72.625""","Width: 23.4375""","Depth: 25.75""",Style: Bottom Freezer,Total Capacity: 11.35 cu. ft.
Blomberg,"$1,599.00","Height: 72.625""","Width: 23.4375""","Depth: 25.75""",Style: Bottom Freezer,Total Capacity: 11.35 cu. ft.
Summit,"$1,189.00","Height: 72.63""","Width: 23.25""","Depth: 26.75""",Style: Bottom Freezer,Total Capacity: 11.35 cu. ft.
Summit,"$1,199.00","Height: 72.75""","Width: 23.25""","Depth: 26.75""",Style: Bottom Freezer,Total Capacity: 11.35 cu. ft.
Summit,"$1,139.00","Height: 72.75""","Width: 23.25""","Depth: 26.75""",Style: Bottom Freezer,Total Capacity: 11.35 cu. ft.
Blomberg,$949.00,"Height: 67.5625""","Width: 23.4375""","Depth: 24.4375""",Style: Bottom Freezer,Total Capacity: 11.43 cu. ft.
GE,$875.00,"Height: 59.875""","Width: 24""","Depth: 28.625""",Style: Top Freezer,Total Capacity: 11.55 cu. ft.
GE,$965.00,"Height: 59.875""","Width: 24""","Depth: 28.625""",Style: Top Freezer,Total Capacity: 11.55 cu. ft.
Summit,"$1,129.00","Height: 74.38""","Width: 23.63""","Depth: 27""",Style: Bottom Freezer,Total Capacity: 11.6 cu. ft.
Summit,"$1,149.00","Height: 74.38""","Width: 23.63""","Depth: 27""",Style: Bottom Freezer,Total Capacity: 11.6 cu. ft.
Frigidaire,$649.00,"Height: 59.875""","Width: 23.75""","Depth: 28.75""",Style: Top Freezer,Total Capacity: 11.6 cu. ft.
Frigidaire,$649.00,"Height: 59.875""","Width: 23.75""","Depth: 28.75""",Style: Top Freezer,Total Capacity: 11.6 cu. ft.
Liebherr,"$3,299.00","Height: 79.5625""","Width: 23.625""","Depth: 24.8125""",Style: Bottom Freezer,Total Capacity: 11.9 cu. ft.
Liebherr,"$3,299.00","Height: 79.5625""","Width: 23.625""","Depth: 24.8125""",Style: Bottom Freezer,Total Capacity: 11.9 cu. ft.
Liebherr,"$3,299.00","Height: 79.5625""","Width: 23.625""","Depth: 24.8125""",Style: Bottom Freezer,Total Capacity: 11.9 cu. ft.
AccuCold,"$1,729.00","Height: 61.75""","Width: 23.38""","Depth: 26.13""",Style: All Refrigerator,Total Capacity: 12 cu. ft.
AccuCold,"$2,899.00","Height: 61.75""","Width: 23.38""","Depth: 26.13""",Style: All Refrigerator,Total Capacity: 12 cu. ft.
Chambers,"$2,399.00","Height: 76.38""","Width: 23.62""","Depth: 26.34""",Style: Bottom Freezer,Total Capacity: 12 cu. ft.
Summit,"$1,199.00","Height: 78.88""","Width: 23.63""","Depth: 25.63""",Style: Bottom Freezer,Total Capacity: 12.5 cu. ft.
Summit,"$1,199.00","Height: 78.88""","Width: 23.63""","Depth: 25.63""",Style: Bottom Freezer,Total Capacity: 12.5 cu. ft.
Blomberg,$899.00,"Height: 67.75""","Width: 27.5625""","Depth: 26.6875""",Style: Top Freezer,Total Capacity: 12.56 cu. ft.
Blomberg,"$1,149.00","Height: 67.75""","Width: 27.5625""","Depth: 26.6875""",Style: Top Freezer,Total Capacity: 12.56 cu. ft.
Liebherr,"$2,799.00","Height: 79.1875""","Width: 23.625""","Depth: 24.8125""",Style: Bottom Freezer,Total Capacity: 12.7 cu. ft.
Liebherr,"$2,799.00","Height: 79.1875""","Width: 23.625""","Depth: 24.8125""",Style: Bottom Freezer,Total Capacity: 12.7 cu. ft.
Liebherr,"$2,699.00","Height: 79.5625""","Width: 23.625""","Depth: 24.8125""",Style: Bottom Freezer,Total Capacity: 12.7 cu. ft.
Liebherr,"$2,199.00","Height: 79.5625""","Width: 23.625""","Depth: 24.8125""",Style: Bottom Freezer,Total Capacity: 12.7 cu. ft.
Miele,"$2,899.00","Height: 79.5""","Width: 23.5""","Depth: 24.813""",Style: Bottom Freezer,Total Capacity: 12.75 cu. ft.
Liebherr,"$1,999.00","Height: 66.1875""","Width: 29.5625""","Depth: 24.8125""",Style: Bottom Freezer,Total Capacity: 12.8 cu. ft.
Liebherr,"$1,999.00","Height: 66.1875""","Width: 29.5625""","Depth: 24.8125""",Style: Bottom Freezer,Total Capacity: 12.8 cu. ft.
Summit,"$1,499.00","Height: 79.25""","Width: 23.63""","Depth: 27.25""",Style: Bottom Freezer,Total Capacity: 12.81 cu. ft.
Summit,"$1,219.00","Height: 79.25""","Width: 23.63""","Depth: 27.25""",Style: Bottom Freezer,Total Capacity: 12.81 cu. ft.
Summit,"$1,529.00","Height: 79.25""","Width: 23.63""","Depth: 27.25""",Style: Bottom Freezer,Total Capacity: 12.81 cu. ft.
Summit,$719.00,"Height: 69.25""","Width: 26""","Depth: 27.75""",Style: Top Freezer,Total Capacity: 12.9 cu. ft.
Summit,$759.00,"Height: 69.25""","Width: 26""","Depth: 27.75""",Style: Top Freezer,Total Capacity: 12.9 cu. ft.
Summit,$979.00,"Height: 67.75""","Width: 27.63""","Depth: 27.63""",Style: Top Freezer,Total Capacity: 13 cu. ft.
Fisher Paykel,"$2,049.00","Height: 67.75""","Width: 25""","Depth: 27.375""",Style: Bottom Freezer,Total Capacity: 13.4 cu. ft.
Fisher Paykel,"$2,249.00","Height: 67.54""","Width: 25""","Depth: 29""",Style: Bottom Freezer,Total Capacity: 13.4 cu. ft.
Beko,$849.00,"Height: 67.75""","Width: 27.5""","Depth: 24.625""",Style: Top Freezer,Total Capacity: 13.53 cu. ft.
Summit,"$1,299.00","Height: 70.75""","Width: 26.75""","Depth: 26.75""",Style: French Door,Total Capacity: 13.7 cu. ft.
Blomberg,$949.00,"Height: 75.1875""","Width: 27.5""","Depth: 24.60""",Style: Bottom Freezer,Total Capacity: 13.8 cu. ft.
Beko,$699.00,"Height: 67.75""","Width: 27.5""","Depth: 24.625""",Style: Top Freezer,Total Capacity: 13.84 cu. ft.
Frigidaire,$560.10,"Height: 59.875""","Width: 27.625""","Depth: 29.375""",Style: Top Freezer,Total Capacity: 13.9 cu. ft.
Frigidaire,$543.00,"Height: 59.875""","Width: 27.625""","Depth: 29.375""",Style: Top Freezer,Total Capacity: 13.9 cu. ft.
Frigidaire,$649.00,"Height: 59.875""","Width: 27.625""","Depth: 29.375""",Style: Top Freezer,Total Capacity: 13.9 cu. ft.
Frigidaire,$619.00,"Height: 59.875""","Width: 27.625""","Depth: 29.375""",Style: Top Freezer,Total Capacity: 13.9 cu. ft.
Brand,"$7,345.00","Height: 83.5""","Width: 29.5""","Depth: 25""",Style: Bottom Freezer,Total Capacity: 14 cu. ft.
Brand,"$6,945.00","Height: 83.5""","Width: 29.5""","Depth: 25""",Style: Bottom Freezer,Total Capacity: 14 cu. ft.
Brand,"$6,945.00","Height: 83.5""","Width: 29.5""","Depth: 25""",Style: Bottom Freezer,Total Capacity: 14 cu. ft.
Brand,"$7,679.00","Height: 83.5""","Width: 36""","Depth: 25""",Style: Bottom Freezer,Total Capacity: 14 cu. ft.
Liebherr,"$5,899.00","Height: 79.6875""","Width: 29.8125""","Depth: 24.0625""",Style: Bottom Freezer,Total Capacity: 14.1 cu. ft.
Liebherr,"$5,899.00","Height: 79.6875""","Width: 29.8125""","Depth: 24.0625""",Style: Bottom Freezer,Total Capacity: 14.1 cu. ft.
Liebherr,"$4,999.00","Height: 79.8125""","Width: 29.8125""","Depth: 24.0625""",Style: Bottom Freezer,Total Capacity: 14.1 cu. ft.
Brand,"$5,499.00","Height: 79.813""","Width: 29.875""","Depth: 24""",Style: Bottom Freezer,Total Capacity: 14.1 cu. ft.
Liebherr,"$2,699.00","Height: 73.25""","Width: 29.5625""","Depth: 24.8125""",Style: Bottom Freezer,Total Capacity: 14.6 cu. ft.
LG,"$1,295.00","Height: 67.625""","Width: 27.375""","Depth: 27.375""",Style: Bottom Freezer,Total Capacity: 14.7 cu. ft.
Summit,"$1,129.00","Height: 67.63""","Width: 28.63""","Depth: 26.75""",Style: Bottom Freezer,Total Capacity: 14.8 cu. ft.
Summit,"$1,499.00","Height: 67.63""","Width: 28.63""","Depth: 26.75""",Style: Bottom Freezer,Total Capacity: 14.8 cu. ft.
Liebherr,"$3,699.00","Height: 79.5625""","Width: 29.5625""","Depth: 24.8125""",Style: Bottom Freezer,Total Capacity: 14.9 cu. ft.
Liebherr,"$3,699.00","Height: 79.5625""","Width: 29.5625""","Depth: 24.8125""",Style: Bottom Freezer,Total Capacity: 14.9 cu. ft.
Haier,"$1,253.00","Height: 71""","Width: 28""","Depth: 26.5""",Style: French Door,Total Capacity: 14.9 cu. ft.
AccuCold,"$1,899.00","Height: 72""","Width: 23.38""","Depth: 26.13""",Style: All Refrigerator,Total Capacity: 15 cu. ft.
AccuCold,"$3,399.00","Height: 72""","Width: 23.38""","Depth: 26.13""",Style: All Refrigerator,Total Capacity: 15 cu. ft.
Haier,"$1,073.00","Height: 67.875""","Width: 27.625""","Depth: 26.625""",Style: Bottom Freezer,Total Capacity: 15 cu. ft.
Hotpoint,$719.00,"Height: 61.75""","Width: 28""","Depth: 30.5""",Style: Top Freezer,Total Capacity: 15.6 cu. ft.
Liebherr,"$3,199.00","Height: 79.5625""","Width: 29.5625""","Depth: 24.8125""",Style: Bottom Freezer,Total Capacity: 15.9 cu. ft.
Liebherr,"$3,199.00","Height: 79.5625""","Width: 29.5625""","Depth: 24.8125""",Style: Bottom Freezer,Total Capacity: 15.9 cu. ft.
Miele,"$3,599.00","Height: 79.54""","Width: 29.5""","Depth: 24.813""",Style: Bottom Freezer,Total Capacity: 16 cu. ft.
Beko,"$1,299.00","Height: 67.75""","Width: 29.125""","Depth: 28.3125""",Style: Bottom Freezer,Total Capacity: 16.2 cu. ft.
Blomberg,"$1,499.00","Height: 67.75""","Width: 29.125""","Depth: 29.5625""",Style: Bottom Freezer,Total Capacity: 16.2 cu. ft.
Blomberg,"$1,499.00","Height: 67.75""","Width: 29.125""","Depth: 29.5625""",Style: Bottom Freezer,Total Capacity: 16.2 cu. ft.
Blomberg,"$1,599.00","Height: 67.75""","Width: 29.125""","Depth: 29.5625""",Style: Bottom Freezer,Total Capacity: 16.2 cu. ft.
Blomberg,"$1,599.00","Height: 67.75""","Width: 29.125""","Depth: 29.5625""",Style: Bottom Freezer,Total Capacity: 16.2 cu. ft.
Miele,"$4,999.00","Height: 84""","Width: 29.75""","Depth: 24""",Style: All Refrigerator,Total Capacity: 16.27 cu. ft.
Miele,"$4,999.00","Height: 84""","Width: 29.75""","Depth: 24""",Style: All Refrigerator,Total Capacity: 16.27 cu. ft.
Fisher Paykel,"$6,699.00","Height: 84""","Width: 29.75""","Depth: 24""",Style: All Refrigerator,Total Capacity: 16.3 cu. ft.
Fisher Paykel,"$6,699.00","Height: 84""","Width: 29.75""","Depth: 24""",Style: All Refrigerator,Total Capacity: 16.3 cu. ft.
Fisher Paykel,"$6,199.00","Height: 84""","Width: 30""","Depth: 24""",Style: All Refrigerator,Total Capacity: 16.3 cu. ft.
Frigidaire,$686.10,"Height: 65.125""","Width: 28""","Depth: 32.25""",Style: Top Freezer,Total Capacity: 16.3 cu. ft.
Frigidaire,$641.10,"Height: 65.125""","Width: 28""","Depth: 32.25""",Style: Top Freezer,Total Capacity: 16.3 cu. ft.
Brand,"$2,099.00","Height: 75.25""","Width: 27.5625""","Depth: 26.625""",Style: Bottom Freezer,Total Capacity: 16.39 cu. ft.
Summit,"$1,489.00","Height: 75.38""","Width: 27.25""","Depth: 28.75""",Style: Bottom Freezer,Total Capacity: 16.39 cu. ft.
Summit,"$1,499.00","Height: 75.38""","Width: 27.25""","Depth: 28.75""",Style: Bottom Freezer,Total Capacity: 16.39 cu. ft.
Blomberg,"$4,799.00","Height: 83.5""","Width: 29.75""","Depth: 23.5625""",Style: Bottom Freezer,Total Capacity: 16.4 cu. ft.
Blomberg,"$5,199.00","Height: 83.5""","Width: 29.75""","Depth: 26.9375""",Style: Bottom Freezer,Total Capacity: 16.4 cu. ft.
GE,$632.00,"Height: 64.75""","Width: 28""","Depth: 32.625""",Style: Top Freezer,Total Capacity: 16.63
GE,$632.00,"Height: 64.75""","Width: 28""","Depth: 32.625""",Style: Top Freezer,Total Capacity: 16.63
GE,$587.00,"Height: 64.75""","Width: 28""","Depth: 32.625""",Style: Top Freezer,Total Capacity: 16.63 cu. ft.
GE,$587.00,"Height: 64.75""","Width: 28""","Depth: 32.625""",Style: Top Freezer,Total Capacity: 16.63 cu. ft.
GE,$659.00,"Height: 64.75""","Width: 28""","Depth: 32.625""",Style: Top Freezer,Total Capacity: 16.63 cu. ft.
GE,$659.00,"Height: 64.75""","Width: 28""","Depth: 32.625""",Style: Top Freezer,Total Capacity: 16.63 cu. ft.
GE,$749.00,"Height: 64.75""","Width: 28""","Depth: 32.625""",Style: Top Freezer,Total Capacity: 16.63 cu. ft.
GE,$704.00,"Height: 64.75""","Width: 28""","Depth: 32.625""",Style: Top Freezer,Total Capacity: 16.63 cu. ft.
Blomberg,"$1,799.00","Height: 75.25""","Width: 27.5625""","Depth: 26.625""",Style: Bottom Freezer,Total Capacity: 16.79 cu. ft.
Brand,"$1,899.00","Height: 75.25""","Width: 27.5625""","Depth: 26.625""",Style: Bottom Freezer,Total Capacity: 16.79 cu. ft.
Fisher Paykel,"$5,999.00","Height: 79.875""","Width: 35.69""","Depth: 23.75""",Style: Bottom Freezer,Total Capacity: 16.8 cu. ft.
Summit,"$1,319.00","Height: 75.38""","Width: 27.25""","Depth: 28.75""",Style: Bottom Freezer,Total Capacity: 16.8 cu. ft.
Summit,"$1,329.00","Height: 75.38""","Width: 27.25""","Depth: 28.75""",Style: Bottom Freezer,Total Capacity: 16.8 cu. ft.
Summit,"$1,599.00","Height: 75.38""","Width: 27.25""","Depth: 28.75""",Style: Bottom Freezer,Total Capacity: 16.8 cu. ft.
Summit,"$1,259.00","Height: 75.38""","Width: 27.25""","Depth: 28.75""",Style: Bottom Freezer,Total Capacity: 16.8 cu. ft.
Summit,"$1,299.00","Height: 75.38""","Width: 27.25""","Depth: 28.75""",Style: Bottom Freezer,Total Capacity: 16.8 cu. ft.
Fisher Paykel,"$4,549.00","Height: 71.82""","Width: 35.66""","Depth: 23.75""",Style: French Door,Total Capacity: 16.8 cu. ft.
Fisher Paykel,"$6,199.00","Height: 79.85""","Width: 35.66""","Depth: 23.75""",Style: French Door,Total Capacity: 16.8 cu. ft.
Fisher Paykel,"$2,399.00","Height: 67.54""","Width: 31.10""","Depth: 27.375""",Style: French Door,Total Capacity: 16.9 cu. ft.
Brand,"$1,899.00","Height: 69.125""","Width: 31.125""","Depth: 26.5""",Style: Bottom Freezer,Total Capacity: 17.1 cu. ft.
Brand,"$1,899.00","Height: 69.125""","Width: 31.125""","Depth: 26.5""",Style: Bottom Freezer,Total Capacity: 17.1 cu. ft.
Frigidaire,$983.10,"Height: 70""","Width: 33""","Depth: 29.125""",Style: French Door,Total Capacity: 17.4 cu. ft.
Frigidaire,$983.10,"Height: 70""","Width: 33""","Depth: 29.125""",Style: French Door,Total Capacity: 17.4 cu. ft.
Fisher Paykel,"$1,949.00","Height: 67.5""","Width: 31.125""","Depth: 27.375""",Style: Bottom Freezer,Total Capacity: 17.5 cu. ft.
Samsung,"$1,245.00","Height: 70.8125""","Width: 32.1875""","Depth: 30.5""",Style: French Door,Total Capacity: 17.5 cu. ft.
Samsung,"$1,345.00","Height: 70.813""","Width: 32.188""","Depth: 30.5""",Style: French Door,Total Capacity: 17.5 cu. ft.
GE,"$2,243.00","Height: 69.875""","Width: 32.75""","Depth: 31""",Style: French Door,Total Capacity: 17.5 cu. ft.
GE,$722.00,"Height: 67.375""","Width: 28""","Depth: 30.5""",Style: Top Freezer,Total Capacity: 17.5 cu. ft.
Samsung,$760.00,"Height: 66.75""","Width: 28.75""","Depth: 31.875""",Style: Top Freezer,Total Capacity: 17.6 cu. ft.
Samsung,$850.00,"Height: 66.75""","Width: 28.75""","Depth: 31.875""",Style: Top Freezer,Total Capacity: 17.6 cu. ft.
Whirlpool,$741.10,"Height: 67.4375""","Width: 28""","Depth: 31.625""",Style: Top Freezer,Total Capacity: 17.64 cu. ft.
Whirlpool,"$1,549.00","Height: 66.75""","Width: 30.25""","Depth: 31.25""",Style: All Refrigerator,Total Capacity: 17.7 cu. ft.
Brand,"$7,275.00","Height: 83.5""","Width: 35.375""","Depth: 25""",Style: Bottom Freezer,Total Capacity: 17.7 cu. ft.
Gladiator Garageworks,"$1,049.00","Height: 72.25""","Width: 30.875""","Depth: 32.375""",Style: All Refrigerator,Total Capacity: 17.8 cu. ft.
Frigidaire,$749.00,"Height: 66.125""","Width: 30""","Depth: 30.125""",Style: Top Freezer,Total Capacity: 18 cu. ft.
Frigidaire,$623.10,"Height: 66.125""","Width: 30""","Depth: 30.125""",Style: Top Freezer,Total Capacity: 18 cu. ft.
Frigidaire,$623.10,"Height: 66.125""","Width: 30""","Depth: 30.125""",Style: Top Freezer,Total Capacity: 18 cu. ft.
Frigidaire,$729.00,"Height: 66.625""","Width: 30""","Depth: 31""",Style: Top Freezer,Total Capacity: 18 cu. ft.
Frigidaire,$749.00,"Height: 66.625""","Width: 30""","Depth: 31""",Style: Top Freezer,Total Capacity: 18 cu. ft.
Frigidaire,$599.00,"Height: 66.625""","Width: 30""","Depth: 32.625""",Style: Top Freezer,Total Capacity: 18 cu. ft.
Frigidaire,$599.00,"Height: 66.625""","Width: 30""","Depth: 32.625""",Style: Top Freezer,Total Capacity: 18 cu. ft.
Frigidaire,$785.10,"Height: 66.375""","Width: 30""","Depth: 30.375""",Style: Top Freezer,Total Capacity: 18.3 cu. ft.
Frigidaire,$695.10,"Height: 66.375""","Width: 30""","Depth: 30.375""",Style: Top Freezer,Total Capacity: 18.3 cu. ft.
GE,"$1,493.00","Height: 69.875""","Width: 32.75""","Depth: 31""",Style: French Door,Total Capacity: 18.6 cu. ft.
Cafe,"$2,243.00","Height: 69.875""","Width: 32.75""","Depth: 31""",Style: French Door,Total Capacity: 18.6 cu. ft.
Cafe,"$2,153.00","Height: 69.875""","Width: 32.75""","Depth: 31""",Style: French Door,Total Capacity: 18.6 cu. ft.
Cafe,"$2,063.00","Height: 69.875""","Width: 32.75""","Depth: 31""",Style: French Door,Total Capacity: 18.6 cu. ft.
Miele,"$6,599.00","Height: 84""","Width: 35.75""","Depth: 24""",Style: Bottom Freezer,Total Capacity: 18.68 cu. ft.
Liebherr,"$4,499.00","Height: 79.8125""","Width: 35.875""","Depth: 24.0625""",Style: Bottom Freezer,Total Capacity: 18.8 cu. ft.
Liebherr,"$5,499.00","Height: 79.8125""","Width: 35.875""","Depth: 24.0625""",Style: Bottom Freezer,Total Capacity: 18.8 cu. ft.
Liebherr,"$6,099.00","Height: 79.8125""","Width: 35.875""","Depth: 24.0625""",Style: Bottom Freezer,Total Capacity: 18.9 cu. ft.
Liebherr,"$6,099.00","Height: 79.8125""","Width: 35.875""","Depth: 24.0625""",Style: Bottom Freezer,Total Capacity: 18.9 cu. ft.
Liebherr,"$6,499.00","Height: 79.8125""","Width: 35.875""","Depth: 24.0625""",Style: French Door,Total Capacity: 18.9 cu. ft.
Liebherr,"$6,299.00","Height: 80.3125""","Width: 35.875""","Depth: 24.25""",Style: French Door,Total Capacity: 18.9 cu. ft.
Liebherr,"$6,499.00","Height: 80.3125""","Width: 35.875""","Depth: 24.25""",Style: French Door,Total Capacity: 18.9 cu. ft.
Whirlpool,$831.10,"Height: 65.875""","Width: 29.75""","Depth: 34.5""",Style: Top Freezer,Total Capacity: 19.2 cu. ft.
Whirlpool,$831.10,"Height: 65.875""","Width: 29.75""","Depth: 34.5""",Style: Top Freezer,Total Capacity: 19.2 cu. ft.
Liebherr,"$5,599.00","Height: 79.8125""","Width: 35.875""","Depth: 24.065""",Style: Bottom Freezer,Total Capacity: 19.5 cu. ft.
Liebherr,"$5,499.00","Height: 79.8125""","Width: 35.875""","Depth: 24.25""",Style: Bottom Freezer,Total Capacity: 19.5 cu. ft.
Liebherr,"$5,999.00","Height: 79.8125""","Width: 36""","Depth: 24.0625""",Style: French Door,Total Capacity: 19.5 cu. ft.
Liebherr,"$5,999.00","Height: 80.3125""","Width: 35.875""","Depth: 24.25""",Style: French Door,Total Capacity: 19.5 cu. ft.
Whirlpool,"$1,399.00","Height: 68.5""","Width: 29.5""","Depth: 34.625""",Style: French Door,Total Capacity: 19.68 cu. ft.
Whirlpool,"$1,649.00","Height: 68.375""","Width: 30""","Depth: 34.375""",Style: French Door,Total Capacity: 19.7 cu. ft.
Whirlpool,"$2,699.00","Height: 70.125""","Width: 35.875""","Depth: 30.25""",Style: French Door,Total Capacity: 19.72 cu. ft.
Brand,"$2,699.00","Height: 71.6875""","Width: 35.75""","Depth: 29.84375""",Style: French Door,Total Capacity: 19.77 cu. ft.
Brand,"$2,299.00","Height: 69.75""","Width: 35.75""","Depth: 29.875""",Style: French Door,Total Capacity: 19.86 cu. ft.
Summit,$859.00,"Height: 31.5""","Width: 14.75""","Depth: 23.75""",Style: All Refrigerator,Total Capacity: 2.2 cu. ft.
Magic Chef,$169.99,"Height: 24.9""","Width: 18.5""","Depth: 17.7""",Style: All Refrigerator,Total Capacity: 2.4 cu. ft.
Magic Chef,$179.99,"Height: 24.9""","Width: 18.5""","Depth: 17.7""",Style: All Refrigerator,Total Capacity: 2.4 cu. ft.
Summit,$339.00,"Height: 24.88""","Width: 18.5""","Depth: 17.75""",Style: All Refrigerator,Total Capacity: 2.4 cu.ft.
Avanti,$329.00,"Height: 34.5""","Width: 49.5""","Depth: 17.25""",Style: All Refrigerator,Total Capacity: 2.5 cu. ft.
Danby,$249.00,"Height: 26.9375""","Width: 17.6875""",Depth: 20.0625,Style: All Refrigerator,Total Capacity: 2.6 cu. ft.
Danby,$259.00,"Height: 26.9375""","Width: 17.6875""",Depth: 20.0625,Style: All Refrigerator,Total Capacity: 2.6 cu. ft.
Summit,$889.00,"Height: 31.5""","Width: 17.75""","Depth: 24.75""",Style: All Refrigerator,Total Capacity: 2.7 cu. ft.
Summit,"$1,049.00","Height: 31.5""","Width: 17.75""","Depth: 24.75""",Style: All Refrigerator,Total Capacity: 2.7 cu. ft.
Summit,$979.00,"Height: 34.25""","Width: 17.75""","Depth: 25.75""",Style: All Refrigerator,Total Capacity: 2.7 cu. ft.
Summit,$749.00,"Height: 34.25""","Width: 17.75""","Depth: 25.75""",Style: All Refrigerator,Total Capacity: 2.7 cu. ft.
Bosch Benchmark,"$6,999.00","Height: 83.75""","Width: 35.75""","Depth: 24.75""",Style: French Door,Total Capacity: 20 cu. ft.
Whirlpool,"$1,869.00","Height: 70.125""","Width: 35.625""","Depth: 29.375""",Style: French Door,Total Capacity: 20 cu. ft.
Fisher Paykel,"$2,799.00",Height: 70.469,Width: 35.4375,Depth: 27.375,Style: French Door,Total Capacity: 20.1 cu. ft.
LG,$695.40,"Height: 66.125""","Width: 29.75""","Depth: 33.375""",Style: Top Freezer,Total Capacity: 20.2 cu. ft.
LG,$661.00,"Height: 66.125""","Width: 29.75""","Depth: 33.375""",Style: Top Freezer,Total Capacity: 20.2 cu. ft.
Frigidaire,$803.10,"Height: 69""","Width: 29.625""","Depth: 31.75""",Style: Top Freezer,Total Capacity: 20.4 cu. ft.
Frigidaire,$779.00,"Height: 69""","Width: 29.625""","Depth: 31.75""",Style: Top Freezer,Total Capacity: 20.4 cu. ft.
Whirlpool,"$1,499.00","Height: 68.875""","Width: 36""","Depth: 29.75""",Style: Side-by-Side,Total Capacity: 20.59 cu. ft.
Thor Kitchen,"$2,299.00","Height: 69.875""","Width: 35.75""","Depth: 28.75""",Style: French Door,Total Capacity: 20.85 cu. ft.
GE,"$1,568.00","Height: 69.875""","Width: 29.75""","Depth: 36.625""",Style: Bottom Freezer,Total Capacity: 21 cu. ft.
Samsung,$985.00,"Height: 66.75""","Width: 32.875""","Depth: 31.875""",Style: Top Freezer,Total Capacity: 21.1 cu. ft.
Samsung,$985.00,"Height: 66.75""","Width: 32.875""","Depth: 31.875""",Style: Top Freezer,Total Capacity: 21.1 cu. ft.
Dacor,"$6,999.00","Height: 83.375""","Width: 35.75""","Depth: 25""",Style: French Door,Total Capacity: 21.3 cu. ft.
Whirlpool,$939.10,"Height: 66.25""","Width: 32.75""","Depth: 34""",Style: Top Freezer,Total Capacity: 21.3 cu. ft.
Whirlpool,"$1,254.10","Height: 66.625""","Width: 32.75""","Depth: 33.625""",Style: Side-by-Side,Total Capacity: 21.4 cu. ft.
Samsung,"$2,065.00","Height: 70.0625""","Width: 35.875""","Depth: 28.625""",Style: Side-by-Side,Total Capacity: 21.5 cu. ft.
Frigidaire Professional,"$2,783.10","Height: 69.875""","Width: 36""","Depth: 27.125""",Style: French Door,Total Capacity: 21.6 cu. ft.
Sharp,"$3,297.00","Height: 69.9""","Width: 35.8""","Depth: 30.9""",Style: French Door,Total Capacity: 21.6 cu. ft.
Whirlpool,"$1,164.10","Height: 66.625""","Width: 32.75""","Depth: 33.625""",Style: Side-by-Side,Total Capacity: 21.7 cu. ft.
LG,"$2,295.00","Height: 70.3125""","Width: 35.875""","Depth: 31.813""",Style: Side-by-Side,Total Capacity: 21.74 cu. ft.
Frigidaire Professional,"$3,008.10","Height: 70""","Width: 36""","Depth: 31.875""",Style: French Door,Total Capacity: 21.8 cu. ft.
LG,"$1,995.00","Height: 68.5""","Width: 29.75""","Depth: 35.5""",Style: French Door,Total Capacity: 21.8 cu. ft.
LG,"$1,995.00","Height: 68.5""","Width: 29.75""","Depth: 35.5""",Style: French Door,Total Capacity: 21.8 cu. ft.
LG,"$1,795.00","Height: 68.5""","Width: 29.75""","Depth: 35.5""",Style: French Door,Total Capacity: 21.8 cu. ft.
Samsung,"$1,495.00","Height: 66.75""","Width: 29.75""","Depth: 36.25""",Style: French Door,Total Capacity: 21.8 cu. ft.
Samsung,"$1,595.00","Height: 66.75""","Width: 29.75""","Depth: 36.25""",Style: French Door,Total Capacity: 21.8 cu. ft.
GE,"$1,703.00","Height: 70.125""","Width: 35.75""","Depth: 30.75""",Style: Side-by-Side,Total Capacity: 21.8 cu. ft.
LG,"$1,094.90","Height: 68.5""","Width: 29.75""","Depth: 35.5""",Style: French Door,Total Capacity: 21.8 cu.ft.
LG,"$3,145.00","Height: 69.75""","Width: 35.75""","Depth: 31.25""",Style: French Door,Total Capacity: 21.9 cu. ft.
LG,"$3,145.00","Height: 69.75""","Width: 35.75""","Depth: 31.25""",Style: French Door,Total Capacity: 21.9 cu. ft.
LG,"$1,695.00","Height: 70.313""","Width: 35.875""","Depth: 31.813""",Style: Side-by-Side,Total Capacity: 21.91 cu. ft.
GE,"$1,343.00","Height: 66.375""","Width: 32.75""","Depth: 34.5""",Style: Top Freezer,Total Capacity: 21.93 cu. ft.
GE,$902.00,"Height: 66.375""","Width: 32.75""","Depth: 34.5""",Style: Top Freezer,Total Capacity: 21.93 cu. ft.
Samsung,"$3,395.00","Height: 71.875""","Width: 35.75""","Depth: 28.875""",Style: French Door,Total Capacity: 22  cu. ft.
Samsung,"$3,505.00","Height: 70""","Width: 35""","Depth: 31""",Style: French Door,Total Capacity: 22 cu. ft.
Samsung,"$1,345.00","Height: 70.0625""","Width: 35.875""","Depth: 28.625""",Style: Side-by-Side,Total Capacity: 22 cu. ft.
Frigidaire Professional,"$1,928.10","Height: 69.875""","Width: 36""","Depth: 31""",Style: Side-by-Side,Total Capacity: 22 cu. ft.
Whirlpool,"$1,434.10","Height: 70""","Width: 32.625""","Depth: 33.375""",Style: Bottom Freezer,Total Capacity: 22.07 cu.ft.
LG,"$2,545.00","Height: 69.75""","Width: 35.75""","Depth: 31.25""",Style: French Door,Total Capacity: 22.1 cu. ft.
LG,"$2,545.00","Height: 69.75""","Width: 35.75""","Depth: 31.25""",Style: French Door,Total Capacity: 22.1 cu. ft.
LG,"$2,745.00","Height: 69.75""","Width: 35.75""","Depth: 31.25""",Style: French Door,Total Capacity: 22.1 cu. ft.
Frigidaire,$997.00,"Height: 69.625""","Width: 32.625""","Depth: 34.5""",Style: Side-by-Side,Total Capacity: 22.1 cu. ft.
Samsung,"$3,595.00","Height: 70""","Width: 35.75""","Depth: 28.875""",Style: French Door,Total Capacity: 22.2 cu. ft.
GE,"$2,810.00","Height: 69.875""","Width: 35.75""","Depth: 31.25""",Style: French Door,Total Capacity: 22.2 cu. ft.
GE,"$2,810.00","Height: 69.875""","Width: 35.75""","Depth: 31.25""",Style: French Door,Total Capacity: 22.2 cu. ft.
Cafe,"$3,260.00","Height: 69.875""","Width: 35.75""","Depth: 31.25""",Style: French Door,Total Capacity: 22.2 cu. ft.
GE Profile,"$2,873.00","Height: 69.875""","Width: 35.75""","Depth: 31.25""",Style: French Door,Total Capacity: 22.2 cu. ft.
Cafe,"$3,170.00","Height: 69.875""","Width: 35.75""","Depth: 31.25""",Style: French Door,Total Capacity: 22.2 cu. ft.
GE Profile,"$2,963.00","Height: 69.875""","Width: 35.75""","Depth: 31.25""",Style: French Door,Total Capacity: 22.2 cu. ft.
GE Profile,"$2,963.00","Height: 69.875""","Width: 35.75""","Depth: 31.25""",Style: French Door,Total Capacity: 22.2 cu. ft.
Frigidaire Professional,"$2,558.10","Height: 69.875""","Width: 36""","Depth: 27.125""",Style: French Door,Total Capacity: 22.3 cu. ft.
Samsung,"$2,155.10","Height: 70.1875""","Width: 35.9375""","Depth: 30""",Style: Side-by-Side,Total Capacity: 22.3 cu. ft.
Samsung,"$2,295.00","Height: 70""","Width: 35.75""","Depth: 31""",Style: French Door,Total Capacity: 22.4 cu. ft.
Samsung,"$2,395.00","Height: 70""","Width: 35.75""","Depth: 31""",Style: French Door,Total Capacity: 22.4 cu. ft.
Verona,"$2,499.00","Height: 69.875""","Width: 35.625""","Depth: 31.375""",Style: French Door,Total Capacity: 22.49 cu. ft.
Samsung,"$3,095.00","Height: 71.875""","Width: 35.75""","Depth: 28.81""",Style: French Door,Total Capacity: 22.5 cu. ft.
Frigidaire,"$2,378.10","Height: 69.375""","Width: 35.625""","Depth: 30.875""",Style: French Door,Total Capacity: 22.5 cu. ft.
Frigidaire,"$1,429.00","Height: 69.375""","Width: 35.625""","Depth: 30.875""",Style: French Door,Total Capacity: 22.5 cu. ft.
Sharp,"$2,499.71","Height: 69.9""","Width: 35.8""","Depth: 30.9""",Style: French Door,Total Capacity: 22.5 cu. ft.
LG,"$4,195.00","Height: 70.25""","Width: 35.75""","Depth: 31.22""",Style: French Door,Total Capacity: 22.5 cu. ft.
LG,"$4,295.00","Height: 70.25""","Width: 35.75""","Depth: 31.22""",Style: French Door,Total Capacity: 22.5 cu. ft.
LG,"$4,095.00","Height: 70.25""","Width: 35.75""","Depth: 32.125""",Style: French Door,Total Capacity: 22.5 cu. ft.
LG,"$4,095.00","Height: 70.25""","Width: 35.75""","Depth: 32.125""",Style: French Door,Total Capacity: 22.5 cu. ft.
LG,"$3,995.00","Height: 70.25""","Width: 35.75""","Depth: 32.125""",Style: French Door,Total Capacity: 22.5 cu. ft.
Thor Kitchen,"$2,299.00","Height: 71.3""","Width: 35.9""","Depth: 30.6""",Style: French Door,Total Capacity: 22.6 cu. ft.
Dacor,"$2,999.00","Height: 70""","Width: 35.75""","Depth: 30.875""",Style: French Door,Total Capacity: 22.6 cu. ft.
Samsung,"$1,895.00","Height: 70""","Width: 35.75""","Depth: 31""",Style: French Door,Total Capacity: 22.6 cu. ft.
Samsung,"$2,425.00","Height: 70""","Width: 35.75""","Depth: 31""",Style: French Door,Total Capacity: 22.6 cu. ft.
Samsung,"$2,095.00","Height: 70""","Width: 35.75""","Depth: 31""",Style: French Door,Total Capacity: 22.6 cu. ft.
LG,"$1,795.10","Height: 69.75""","Width: 35.75""","Depth: 31.25""",Style: French Door,Total Capacity: 22.7 cu. ft.
Samsung,"$2,895.00","Height: 70""","Width: 35.75""","Depth: 31.25""",Style: French Door,Total Capacity: 22.7 cu. ft.
Samsung,"$2,995.00","Height: 70""","Width: 35.75""","Depth: 31.25""",Style: French Door,Total Capacity: 22.7 cu. ft.
LG,"$1,895.00","Height: 69.75""","Width: 35.75""","Depth: 31.25""",Style: French Door,Total Capacity: 23 cu. ft.
GE,"$2,450.00","Height: 69.875""","Width: 35.75""","Depth: 31.25""",Style: French Door,Total Capacity: 23.1 cu. ft.
GE Profile,"$2,630.00","Height: 69.875""","Width: 35.75""","Depth: 31.25""",Style: French Door,Total Capacity: 23.1 cu. ft.
Dacor,"$8,999.00","Height: 83.375""","Width: 41.25""","Depth: 23.8125""",Style: French Door,Total Capacity: 23.5 cu. ft.
Dacor,"$10,999.00","Height: 83.375""","Width: 41.75""","Depth: 23.8125""",Style: French Door,Total Capacity: 23.5 cu. ft.
LG,"$3,495.00","Height: 70.25""","Width: 35.75""","Depth: 30.75""",Style: French Door,Total Capacity: 23.5 cu. ft.
LG,"$3,895.00","Height: 70.25""","Width: 35.75""","Depth: 30.75""",Style: French Door,Total Capacity: 23.5 cu. ft.
LG,"$3,795.00","Height: 70.25""","Width: 35.75""","Depth: 30.75""",Style: French Door,Total Capacity: 23.5 cu. ft.
Whirlpool,"$3,199.00","Height: 71.875""","Width: 35.8125""","Depth: 31.5""",Style: French Door,Total Capacity: 23.8 cu. ft.
LG,"$1,195.00","Height: 68.5""","Width: 32.75""","Depth: 33.375""",Style: Top Freezer,Total Capacity: 23.8 cu. ft.
LG,"$1,295.00","Height: 68.5""","Width: 32.75""","Depth: 33.375""",Style: Top Freezer,Total Capacity: 23.8 cu. ft.
LG,"$1,295.00","Height: 68.5""","Width: 32.75""","Depth: 33.375""",Style: Top Freezer,Total Capacity: 23.8 cu. ft.
LG,"$1,095.00","Height: 68.5""","Width: 32.75""","Depth: 33.375""",Style: Top Freezer,Total Capacity: 23.8 cu. ft.
LG,"$4,195.00","Height: 70.25""","Width: 35.75""","Depth: 30.75""",Style: French Door,Total Capacity: 24 cu. ft.
LG,"$4,195.00","Height: 70.25""","Width: 35.75""","Depth: 30.75""",Style: French Door,Total Capacity: 24 cu. ft.
LG,"$3,995.00","Height: 70.25""","Width: 35.75""","Depth: 30.75""",Style: French Door,Total Capacity: 24 cu. ft.
LG,"$3,235.10","Height: 70.25""","Width: 35.75""","Depth: 30.875""",Style: French Door,Total Capacity: 24 cu. ft.
Cafe,"$7,760.00","Height: 83.5""","Width: 42""","Depth: 28.5""",Style: Side-by-Side,Total Capacity: 24.3 cu. ft.
GE Profile,"$7,580.00","Height: 84""","Width: 42""","Depth: 28.25""",Style: Side-by-Side,Total Capacity: 24.33 cu. ft.
Whirlpool,"$2,244.10","Height: 70.125""","Width: 35.625""","Depth: 34.625""",Style: French Door,Total Capacity: 24.51 cu. ft.
Whirlpool,"$1,899.00","Height: 70.125""","Width: 35.625""","Depth: 34.625""",Style: French Door,Total Capacity: 24.51 cu. ft.
Whirlpool,"$1,999.00","Height: 70.125""","Width: 35.625""","Depth: 34.625""",Style: French Door,Total Capacity: 24.51 cu. ft.
Whirlpool,"$1,299.00","Height: 69.625""","Width: 35.875""","Depth: 33.625""",Style: Side-by-Side,Total Capacity: 24.55 cu. ft.
Whirlpool,"$1,699.00","Height: 70.125""","Width: 35.625""","Depth: 35.25""",Style: French Door,Total Capacity: 24.7 cu. ft.
Maytag,"$1,829.00","Height: 70.125""","Width: 35.625""","Depth: 35.25""",Style: French Door,Total Capacity: 24.7 cu. ft.
Whirlpool,"$1,799.00","Height: 70.25""","Width: 35.625""","Depth: 35.25""",Style: French Door,Total Capacity: 24.7 cu. ft.
GE,"$1,703.00","Height: 69.875""","Width: 32.75""","Depth: 37.5""",Style: Bottom Freezer,Total Capacity: 24.9 cu. ft.
Maytag,"$1,434.10","Height: 69.625""","Width: 35.875""","Depth: 34.875""",Style: Side-by-Side,Total Capacity: 25 cu. ft.
Whirlpool,"$1,164.10","Height: 69.625""","Width: 35.875""","Depth: 33.625""",Style: Side-by-Side,Total Capacity: 25.07 cu. ft.
GE,"$1,613.00","Height: 69.5""","Width: 35.75""","Depth: 34.75""",Style: Side-by-Side,Total Capacity: 25.14 cu. ft.
Whirlpool,"$1,499.00","Height: 70.125""","Width: 35.625""","Depth: 35.5""",Style: French Door,Total Capacity: 25.19 cu. ft.
LG,"$1,895.00","Height: 69.875""","Width: 32.75""","Depth: 35.5""",Style: French Door,Total Capacity: 25.2 cu. ft.
Cafe,"$7,130.00","Height: 84""","Width: 42""","Depth: 28.5""",Style: Side-by-Side,Total Capacity: 25.2 cu. ft.
GE Profile,"$1,973.00","Height: 69.25""","Width: 35.75""","Depth: 33.625""",Style: Side-by-Side,Total Capacity: 25.4 cu. ft.
GE,"$1,433.00","Height: 69.5""","Width: 35.75""","Depth: 35.25""",Style: Side-by-Side,Total Capacity: 25.4 cu. ft.
GE,"$1,433.00","Height: 69.5""","Width: 35.75""","Depth: 35.25""",Style: Side-by-Side,Total Capacity: 25.4 cu. ft.
LG,"$1,595.00","Height: 69.875""","Width: 32.75""","Depth: 34.875""",Style: Bottom Freezer,Total Capacity: 25.5 cu. ft.
LG,"$1,695.00","Height: 69.875""","Width: 32.75""","Depth: 34.875""",Style: Bottom Freezer,Total Capacity: 25.5 cu. ft.
Samsung,"$1,249.00","Height: 70""","Width: 35.75""","Depth: 35.625""",Style: French Door,Total Capacity: 25.5 cu. ft.
Samsung,"$1,705.10","Height: 70""","Width: 35.75""","Depth: 35.625""",Style: French Door,Total Capacity: 25.5 cu. ft.
Frigidaire,$979.00,"Height: 69.875""","Width: 35.625""","Depth: 34.5""",Style: Side-by-Side,Total Capacity: 25.5 cu. ft.
Frigidaire,$999.00,"Height: 69.875""","Width: 35.625""","Depth: 34.5""",Style: Side-by-Side,Total Capacity: 25.5 cu. ft.
GE,"$2,243.00","Height: 69.875""","Width: 35.75""","Depth: 35.875""",Style: French Door,Total Capacity: 25.6 cu. ft.
LG,"$1,994.90","Height: 69.75""","Width: 35.75""","Depth: 34.875""",Style: French Door,Total Capacity: 26 cu. ft.
LG,"$1,795.00","Height: 70.25""","Width: 35.875""","Depth: 35.75""",Style: Side-by-Side,Total Capacity: 26 cu. ft.
LG,"$1,895.00","Height: 70.125""","Width: 35.875""","Depth: 35.75""",Style: French Door,Total Capacity: 26.1 cu. ft.
LG,"$2,195.00","Height: 70.25""","Width: 35.78""","Depth: 36.313""",Style: Side-by-Side,Total Capacity: 26.1 cu. ft.
LG,"$1,795.10","Height: 69.75""","Width: 35.75""","Depth: 34.875""",Style: French Door,Total Capacity: 26.2 cu. ft.
LG,"$1,795.10","Height: 69.75""","Width: 35.75""","Depth: 34.875""",Style: French Door,Total Capacity: 26.2 cu. ft.
Whirlpool,"$2,499.00","Height: 70.125""","Width: 35.75""","Depth: 36.375""",Style: French Door,Total Capacity: 26.2 cu. ft.
Whirlpool,"$2,599.00","Height: 70.125""","Width: 35.75""","Depth: 36.375""",Style: French Door,Total Capacity: 26.2 cu. ft.
LG,"$1,328.00","Height: 70.125""","Width: 35.875""","Depth: 35.75""",Style: Side-by-Side,Total Capacity: 26.2 cu. ft.
LG,"$1,194.80","Height: 70.125""","Width: 35.875""","Depth: 35.75""",Style: Side-by-Side,Total Capacity: 26.2 cu. ft.
Samsung,"$2,195.00","Height: 70""","Width: 35.75""","Depth: 35.375""",Style: French Door,Total Capacity: 26.5 cu. ft.
Frigidaire Professional,"$2,558.10","Height: 69.875""","Width: 36""","Depth: 34.75""",Style: French Door,Total Capacity: 26.7 cu. ft.
Whirlpool,"$2,199.00","Height: 69.875""","Width: 35.6875""","Depth: 35.625""",Style: French Door,Total Capacity: 26.8 cu. ft.
Whirlpool,"$2,299.00","Height: 69.875""","Width: 35.6875""","Depth: 35.625""",Style: French Door,Total Capacity: 26.8 cu. ft.
Frigidaire,"$2,108.10","Height: 69.875""","Width: 36""","Depth: 35.875""",Style: French Door,Total Capacity: 26.8 cu. ft.
Frigidaire,"$1,499.00","Height: 69.875""","Width: 36""","Depth: 35.875""",Style: French Door,Total Capacity: 26.8 cu. ft.
Frigidaire,"$1,529.00","Height: 69.875""","Width: 36""","Depth: 35.875""",Style: French Door,Total Capacity: 26.8 cu. ft.
LG,"$1,695.00","Height: 70.25""","Width: 35.78""","Depth: 34""",Style: Side-by-Side,Total Capacity: 26.8 cu. ft.
LG,"$2,395.00","Height: 69.75""","Width: 35.75""","Depth: 34.25""",Style: French Door,Total Capacity: 27 cu. ft.
LG,"$2,195.00","Height: 69.75""","Width: 35.75""","Depth: 34.25""",Style: French Door,Total Capacity: 27 cu. ft.
Samsung,"$2,065.00","Height: 70""","Width: 35.75""","Depth: 35.375""",Style: French Door,Total Capacity: 27 cu. ft.
Samsung,"$2,155.00","Height: 70""","Width: 35.75""","Depth: 35.375""",Style: French Door,Total Capacity: 27 cu. ft.
Samsung,"$1,975.00","Height: 70""","Width: 35.75""","Depth: 35.375""",Style: French Door,Total Capacity: 27 cu. ft.
Whirlpool,"$2,359.00","Height: 69.875""","Width: 35.6875""""","Depth: 35.625""",Style: French Door,Total Capacity: 27 cu. ft.
GE,"$1,973.00","Height: 69.875""","Width: 35.625""","Depth: 36.375""",Style: French Door,Total Capacity: 27 cu. ft.
GE,"$1,973.00","Height: 69.875""","Width: 35.625""","Depth: 36.375""",Style: French Door,Total Capacity: 27 cu. ft.
Cafe,"$3,953.00","Height: 70""","Width: 35.75""","Depth: 34.375""",Style: French Door,Total Capacity: 27.6 cu. ft.
Frigidaire,"$1,479.00","Height: 69.875""","Width: 36""","Depth: 35.875""",Style: French Door,Total Capacity: 27.6 cu. ft.
GE Profile,"$2,793.00","Height: 69.875""","Width: 35.625""","Depth: 36.75""",Style: French Door,Total Capacity: 27.6 cu. ft.
Forno,"$2,999.00","Height: 80""","Width: 60.5""","Depth: 29.7""",Style: Side-by-Side,Total Capacity: 27.6 cu. ft.
Samsung,"$3,415.00","Height: 70""","Width: 36""","Depth: 36.5""",Style: French Door,Total Capacity: 27.7 cu. ft.
Samsung,"$3,505.00","Height: 70""","Width: 36""","Depth: 36.5""",Style: French Door,Total Capacity: 27.7 cu. ft.
LG,"$2,895.00","Height: 69.75""","Width: 35.75""","Depth: 36.25""",Style: French Door,Total Capacity: 27.8 cu. ft.
LG,"$2,895.00","Height: 69.75""","Width: 35.75""","Depth: 36.25""",Style: French Door,Total Capacity: 27.8 cu. ft.
LG,"$3,095.00","Height: 69.75""","Width: 35.75""","Depth: 36.25""",Style: French Door,Total Capacity: 27.8 cu. ft.
GE,"$2,900.00","Height: 69.875""","Width: 35.75""","Depth: 36.25""",Style: French Door,Total Capacity: 27.8 cu. ft.
GE,"$2,900.00","Height: 69.875""","Width: 35.75""","Depth: 36.25""",Style: French Door,Total Capacity: 27.8 cu. ft.
GE,"$2,720.00","Height: 69.875""","Width: 35.75""","Depth: 36.25""",Style: French Door,Total Capacity: 27.8 cu. ft.
GE,"$2,720.00","Height: 69.875""","Width: 35.75""","Depth: 36.25""",Style: French Door,Total Capacity: 27.8 cu. ft.
GE Profile,"$2,783.00","Height: 69.875""","Width: 35.75""","Depth: 36.25""",Style: French Door,Total Capacity: 27.8 cu. ft.
GE Profile,"$2,873.00","Height: 69.875""","Width: 35.75""","Depth: 36.25""",Style: French Door,Total Capacity: 27.8 cu. ft.
Cafe,"$3,683.00","Height: 69.875""","Width: 35.625""","Depth: 36.75""",Style: French Door,Total Capacity: 27.8 cu. ft.
Cafe,"$3,593.00","Height: 69.875""","Width: 35.625""","Depth: 36.75""",Style: French Door,Total Capacity: 27.8 cu. ft.
Cafe,"$3,393.00","Height: 69.875""","Width: 35.625""","Depth: 36.75""",Style: French Door,Total Capacity: 27.8 cu. ft.
Samsung,"$2,785.00","Height: 70""","Width: 35.75""","Depth: 36""",Style: French Door,Total Capacity: 27.8 cu. ft.
Samsung,"$2,695.00","Height: 70""","Width: 35.75""","Depth: 36""",Style: French Door,Total Capacity: 27.8 cu. ft.
Samsung,"$3,595.00","Height: 71.875""","Width: 35.75""","Depth: 34.3125""",Style: French Door,Total Capacity: 27.9 cu. ft.
LG,"$2,695.00","Height: 69.75""","Width: 35.75""","Depth: 36.25""",Style: French Door,Total Capacity: 27.9 cu. ft.
LG,"$2,895.00","Height: 69.75""","Width: 35.75""","Depth: 36.25""",Style: French Door,Total Capacity: 27.9 cu. ft.
LG,"$3,495.00","Height: 69.75""","Width: 35.75""","Depth: 36.25""",Style: French Door,Total Capacity: 28 cu. ft.
LG,"$3,695.00","Height: 69.75""","Width: 35.75""","Depth: 36.25""",Style: French Door,Total Capacity: 28 cu. ft.
LG,"$3,495.00","Height: 69.75""","Width: 35.75""","Depth: 36.25""",Style: French Door,Total Capacity: 28 cu. ft.
LG,"$3,695.00","Height: 69.75""","Width: 35.75""","Depth: 36.25""",Style: French Door,Total Capacity: 28 cu. ft.
Samsung,"$2,195.00","Height: 70""","Width: 35.75""","Depth: 36.5""",Style: French Door,Total Capacity: 28 cu. ft.
Samsung,"$2,195.00","Height: 70""","Width: 35.75""","Depth: 36.5""",Style: French Door,Total Capacity: 28 cu. ft.
Samsung,"$1,995.00","Height: 70""","Width: 35.75""","Depth: 36.5""",Style: French Door,Total Capacity: 28 cu. ft.
Samsung,"$2,195.00","Height: 70""","Width: 35.75""","Depth: 36.5""",Style: French Door,Total Capacity: 28 cu. ft.
Samsung,"$1,795.00","Height: 70""","Width: 35.75""","Depth: 36""",Style: French Door,Total Capacity: 28 cu. ft.
Samsung,"$1,895.00","Height: 70""","Width: 35.75""","Depth: 36""",Style: French Door,Total Capacity: 28 cu. ft.
Samsung,"$2,995.00","Height: 71.75""","Width: 35.75""","Depth: 34.25""",Style: French Door,Total Capacity: 28.1 cu. ft.
Samsung,"$3,095.00","Height: 71.75""","Width: 35.75""","Depth: 34.25""",Style: French Door,Total Capacity: 28.1 cu. ft.
Samsung,"$1,295.00","Height: 70""","Width: 35.75""","Depth: 35.375""",Style: French Door,Total Capacity: 28.2 cu. ft.
Whirlpool,"$1,499.00","Height: 69""","Width: 36""","Depth: 34.875""",Style: Side-by-Side,Total Capacity: 28.49 cu. ft.
GE,"$2,000.00","Height: 69.875""","Width: 35.75""","Depth: 36.25""",Style: French Door,Total Capacity: 28.5 cu. ft.
GE Profile,"$8,030.00","Height: 84""","Width: 48""","Depth: 28.5""",Style: Side-by-Side,Total Capacity: 28.69 cu. ft.
Cafe,"$8,210.00","Height: 84""","Width: 48""","Depth: 28.5""",Style: Side-by-Side,Total Capacity: 28.7 cu. ft.
LG,"$4,295.00","Height: 70.25""","Width: 35.75""","Depth: 38.11""",Style: French Door,Total Capacity: 29.5 cu. ft.
LG,"$4,095.00","Height: 70.25""","Width: 35.75""","Depth: 38.11""",Style: French Door,Total Capacity: 29.5 cu. ft.
LG,"$4,195.00","Height: 70.25""","Width: 35.75""","Depth: 38.11""",Style: French Door,Total Capacity: 29.5 cu. ft.
LG,"$3,995.00","Height: 70.25""","Width: 35.75""","Depth: 38.11""",Style: French Door,Total Capacity: 29.5 cu. ft.
Cafe,"$7,580.00","Height: 84""","Width: 48""","Depth: 28.5""",Style: Side-by-Side,Total Capacity: 29.6 cu. ft.
LG,"$3,995.00","Height: 70.25""","Width: 35.75""","Depth: 36.625""",Style: French Door,Total Capacity: 29.7 cu. ft.
LG,"$4,195.00","Height: 70.25""","Width: 35.75""","Depth: 36.625""",Style: French Door,Total Capacity: 29.7 cu. ft.
LG,"$3,795.00","Height: 70.25""","Width: 35.75""","Depth: 36.625""",Style: French Door,Total Capacity: 29.7 cu. ft.
LG,"$4,195.00","Height: 70.25""","Width: 35.75""","Depth: 36.625""",Style: French Door,Total Capacity: 29.7 cu. ft.
LG,"$3,795.00","Height: 70.25""","Width: 35.75""","Depth: 36.625""",Style: French Door,Total Capacity: 29.7 cu. ft.
LG,"$3,895.00","Height: 70.25""","Width: 35.75""","Depth: 36.625""",Style: French Door,Total Capacity: 29.7 cu. ft.
Summit,$899.00,"Height: 34""","Width: 14.75""","Depth: 24.63""",Style: All Refrigerator,Total Capacity: 3 cu. ft.
Fisher Paykel,"$2,699.00","Height: 25.19""","Width: 33.66""","Depth: 21.94""",Style: Drawer,Total Capacity: 3.1
Summit,"$1,899.00","Height: 33.25""","Width: 23.75""","Depth: 24.63""",Style: Drawer,Total Capacity: 3.1 cu. ft.
Danby,$289.00,"Height: 33.4375""","Width: 18.875""","Depth: 19.6875""",Style: Dual Door,Total Capacity: 3.1 cu. ft.
Frigidaire,$269.00,"Height: 33.125""","Width: 18.875""","Depth: 20.5""",Style: Full Width Freezer Compartment,Total Capacity: 3.1 cu. ft.
Summit,"$1,349.00","Height: 33""","Width: 19""","Depth: 17.25""",Style: All Refrigerator,Total Capacity: 3.13 cu. ft.
Summit,$919.00,"Height: 32.5""","Width: 19""","Depth: 18.57""",Style: All Refrigerator,Total Capacity: 3.13 cu. ft.
Avanti,$289.00,"Height: 33.5""","Width: 18.5""","Depth: 17.5""",Style: All Refrigerator,Total Capacity: 3.3 cu.ft.
U-Line,"$1,179.00","Height: 28.5""","Width: 20.875""","Depth: 23""",Style: All Refrigerator,Total Capacity: 3.3 cu.ft.
Summit,"$1,679.00","Height: 34""","Width: 23.63""","Depth: 23.63""",Style: Drawer,Total Capacity: 3.4 cu. ft.
Summit,"$1,589.00","Height: 34""","Width: 23.63""","Depth: 25""",Style: Drawer,Total Capacity: 3.4 cu.ft.
Magic Chef,$219.99,"Height: 32.5""","Width: 18.5""","Depth: 19.4""",Style: Full Width Freezer Compartment,Total Capacity: 3.5 cu. ft.
Summit,$959.00,"Height: 32.5""","Width: 18.5""","Depth: 20.25""",Style: All Refrigerator,Total Capacity: 3.6 cu. ft.
Liebherr,"$2,199.00","Height: 32.25""","Width: 23.5625""","Depth: 22.75""",Style: All Refrigerator,Total Capacity: 3.7 cu. ft.
Summit,$899.00,"Height: 32.5""","Width: 19.38""","Depth: 22.25""",Style: All Refrigerator,Total Capacity: 4.1 cu. ft.
Summit,$779.00,"Height: 32.56""","Width: 19.38""","Depth: 22""",Style: All Refrigerator,Total Capacity: 4.1 cu. ft.
AccuCold,"$1,049.00","Height: 32.63""","Width: 19.38""","Depth: 25.5""",Style: All Refrigerator,Total Capacity: 4.1 cu. ft.
Summit,$659.00,"Height: 32.5""","Width: 19.25""","Depth: 23""",Style: All Refrigerator,Total Capacity: 4.1 cu.ft.
Summit,$899.00,"Height: 31.63""","Width: 23.5""","Depth: 25.38""",Style: All Refrigerator,Total Capacity: 4.2 cu. ft.
Danby,$329.00,"Height: 33.07""","Width: 20.75""","Depth: 21.3""",Style: All Refrigerator,Total Capacity: 4.4 cu. ft.
Avanti,$259.00,"Height: 33""","Width: 19.25""","Depth: 22""",Style: All Refrigerator,Total Capacity: 4.4 cu. ft.
RCS,$399.00,"Height: 32.75""","Width: 20""","Depth: 20.5""",Style: All Refrigerator,Total Capacity: 4.5 cu. ft.
Avanti,$399.00,"Height: 44.5""","Width: 18.75""","Depth: 19.75""",Style: Top Freezer,Total Capacity: 4.5 cu. ft.
Summit,"$1,179.00","Height: 34""","Width: 23.63""","Depth: 23.5""",Style: All Refrigerator,Total Capacity: 4.6 cu. ft.
Summit,"$1,029.00","Height: 34""","Width: 23.63""","Depth: 23.5""",Style: All Refrigerator,Total Capacity: 4.6 cu. ft.
Summit,$949.00,"Height: 34""","Width: 23.63""","Depth: 25.38""",Style: All Refrigerator,Total Capacity: 4.6 cu. ft.
Summit,"$1,499.00","Height: 34""","Width: 23.63""","Depth: 25.38""",Style: All Refrigerator,Total Capacity: 4.6 cu. ft.
Summit,"$1,029.00","Height: 34""","Width: 23.63""","Depth: 25.38""",Style: All Refrigerator,Total Capacity: 4.6 cu. ft.
Summit,"$1,089.00","Height: 34""","Width: 23.63""","Depth: 25.38""",Style: All Refrigerator,Total Capacity: 4.6 cu.ft.
Brand,"$1,599.00","Height: 32.312""","Width: 23.5""","Depth: 21.625""",Style: All Refrigerator,Total Capacity: 4.8 cu. ft.
Summit,"$1,179.00","Height: 32""","Width: 23.63""","Depth: 22.63""",Style: All Refrigerator,Total Capacity: 4.8 cu. ft.
Summit,$859.00,"Height: 32""","Width: 23.63""","Depth: 24.63""",Style: All Refrigerator,Total Capacity: 4.8 cu. ft.
Summit,"$1,299.00","Height: 32""","Width: 23.63""","Depth: 24.63""",Style: All Refrigerator,Total Capacity: 4.8 cu. ft.
Summit,"$1,039.00","Height: 32""","Width: 23.63""","Depth: 24.63""",Style: All Refrigerator,Total Capacity: 4.8 cu. ft.
Summit,"$1,149.00","Height: 32""","Width: 23.63""","Depth: 24.63""",Style: All Refrigerator,Total Capacity: 4.8 cu. ft.
Summit,"$1,779.00","Height: 32""","Width: 23.38""","Depth: 24.63""",Style: Drawer,Total Capacity: 4.8 cu. ft.
U-Line,$599.00,"Height: 33.5625""","Width: 23.625""","Depth: 23.4375""",Style: All Refrigerator,Total Capacity: 4.9 cu. ft.
Summit,"$2,179.00","Height: 34""","Width: 23.75""","Depth: 25.38""",Style: Drawer,Total Capacity: 4.94 cu. ft.
Summit,"$2,449.00","Height: 34""","Width: 23.75""","Depth: 25.38""",Style: Drawer,Total Capacity: 4.94 cu. ft.
Summit,$999.00,"Height: 32""","Width: 23.63""","Depth: 24.63""",Style: All Refrigerator,Total Capacity: 5 cu. ft.
Brand,"$2,949.00","Height: 34.25""","Width: 23.875""","Depth: 24""",Style: Drawer,Total Capacity: 5 cu. ft.
Summit,$819.00,"Height: 33""","Width: 19""","Depth: 19""",Style: All Refrigerator,Total Capacity: 5.1 cu. ft.
Summit,"$1,099.00","Height: 32.38""","Width: 23.63""","Depth: 23.5""",Style: Full Width Freezer Compartment,Total Capacity: 5.1 cu. ft.
AccuCold,$589.00,"Height: 33.25""","Width: 23.5""","Depth: 24.5""",Style: Full Width Freezer Compartment,Total Capacity: 5.1 cu. ft.
Summit,$639.00,"Height: 32.63""","Width: 23.63""","Depth: 24.63""",Style: Full Width Freezer Compartment,Total Capacity: 5.1 cu. ft.
Summerset Grills,"$1,569.99","Height: 34""","Width: 23.6""","Depth: 23.6""",Style: All Refrigerator,Total Capacity: 5.3 cu. ft.
Summit,"$1,359.00","Height: 34""","Width: 29.5""","Depth: 25.38""",Style: Side-by-Side,Total Capacity: 5.4 cu. ft.
Summit,"$1,999.00","Height: 34""","Width: 29.5""","Depth: 25.5""",Style: Side-by-Side,Total Capacity: 5.4 cu. ft.
Summit,$999.00,"Height: 33.5""","Width: 23.63""","Depth: 23.5""",Style: All Refrigerator,Total Capacity: 5.5 cu. ft.
Summit,$999.00,"Height: 32.25""","Width: 23.63""","Depth: 23""",Style: All Refrigerator,Total Capacity: 5.5 cu. ft.
Summit,$999.00,"Height: 32.25""","Width: 23.63""","Depth: 23""",Style: All Refrigerator,Total Capacity: 5.5 cu. ft.
Summit,"$1,069.00","Height: 32.25""","Width: 23.63""","Depth: 23""",Style: All Refrigerator,Total Capacity: 5.5 cu. ft.
Summit,$929.00,"Height: 33.25""","Width: 23.63""","Depth: 23""",Style: All Refrigerator,Total Capacity: 5.5 cu. ft.
Summit,$589.00,"Height: 32.63""","Width: 23.63""","Depth: 24.63""",Style: All Refrigerator,Total Capacity: 5.5 cu. ft.
Summit,"$1,529.00","Height: 32.25""","Width: 23.75""","Depth: 27.5""",Style: All Refrigerator,Total Capacity: 5.5 cu. ft.
Summit,"$1,249.00","Height: 33.25""","Width: 23.63""","Depth: 23.5""",Style: Full Width Freezer Compartment,Total Capacity: 5.5 cu. ft.
Avanti,$479.00,"Height: 33.5""","Width: 31""","Depth: 23""",Style: Side-by-Side,Total Capacity: 5.5 cu. ft.
AccuCold,"$1,049.00","Height: 32.5""","Width: 23.38""","Depth: 26.13""",Style: All Refrigerator,Total Capacity: 6 cu. ft.
Summit,$489.00,"Height: 56.63""","Width: 21.5""","Depth: 21.75""",Style: Top Freezer,Total Capacity: 7.1 cu. ft.
Summit,$469.00,"Height: 56.63""","Width: 21.5""","Depth: 21.75""",Style: Top Freezer,Total Capacity: 7.1 cu. ft.
Avanti,$419.00,"Height: 55.75""","Width: 21.75""","Depth: 23.5""",Style: Top Freezer,Total Capacity: 7.4 cu. ft.
AccuCold,"$2,199.00","Height: 50""","Width: 23.38""","Depth: 24.38""",Style: All Refrigerator,Total Capacity: 8 cu. ft.
AccuCold,"$1,299.00","Height: 50""","Width: 23.38""","Depth: 26.13""",Style: All Refrigerator,Total Capacity: 8 cu. ft.
Brand,"$1,849.00","Height: 69.875""","Width: 21.875""","Depth: 21.625""",Style: Bottom Freezer,Total Capacity: 8.4 cu. ft.
Blomberg,"$1,599.00","Height: 71.5""","Width: 21.9375""","Depth: 21.625""",Style: Bottom Freezer,Total Capacity: 8.4 cu. ft.
Summit,$599.00,"Height: 65.75""","Width: 22""","Depth: 26""",Style: Top Freezer,Total Capacity: 8.77 cu. ft.
Summit,$919.00,"Height: 65.75""","Width: 22""","Depth: 26""",Style: Top Freezer,Total Capacity: 8.77 cu. ft.
Summit,$519.00,"Height: 65.75""","Width: 22""","Depth: 26""",Style: Top Freezer,Total Capacity: 8.77 cu. ft.
Summit,$529.00,"Height: 67.13""","Width: 21.25""","Depth: 23.25""",Style: Top Freezer,Total Capacity: 8.9 cu. ft.
Danby,$629.00,"Height: 59.8125""","Width: 23.8125""","Depth: 26.4375""",Style: Bottom Freezer,Total Capacity: 9.2 Cu. Ft.
Liebherr,"$2,799.00","Height: 70.375""","Width: 22""","Depth: 21.4375""",Style: Bottom Freezer,Total Capacity: 9.3 cu. ft.
Summit,$629.00,"Height: 59.38""","Width: 24""","Depth: 26.25""",Style: Top Freezer,Total Capacity: 9.9 cu. ft.
Chambers,"$1,399.00","Height: 59.4""","Width: 24.02""","Depth: 27.64""",Style: Top Freezer,Total Capacity: 9.9 cu. ft.
Summit,$699.90,"Height: 59.88""","Width: 24""","Depth: 26.25""",Style: Top Freezer,Total Capacity: 9.9 cu.ft.